,Timestamp,Accel,Gyr,Label,Sep
4,13:25:39.266239,[-1061   818  1367   496    72   214  -315   773  1529],[ 546 -605  156 1686 -864  -28 -165 -255  -16],fists,False
5,13:25:39.275606,[-888  824 1343  496   72  214 -261  814 1503],[ 553 -187  270 2346 -926   68 -165 -255  -16],fists,False
6,13:25:39.285343,[-453  890 1173  496   72  214  132  761 1307],[ 578  -44  211 2167 -778   25 -103 -298    3],fists,False
7,13:25:39.292718,[-183  917  959  496   72  214  202 1189  883],[  402   117    50  1954 -1049  -128  -103  -298     3],fists,False
8,13:25:39.301607,[ 220 1126  723  589   86  332  394 1476 1406],[-376  434 -225 1897 -604 -147 -103 -298    3],fists,False
9,13:25:39.310092,[ 357 1047 1111  589   86  332 -307  833 2160],[-598  570 -454 1697 -923  257 -103 -298    3],fists,False
10,13:25:39.318979,[ -89  861 1630  589   86  332 -796  675 1862],[-334 -116 -608 1688 -900 -137 -103 -298    3],fists,False
11,13:25:39.328093,[-778  695 1951  589   86  332 -590  694 1857],[-182 -387 -522 1670 -838   64   67  -75  120],fists,False
12,13:25:39.336454,[-1527   845  2019   589    86   332  -334   617  2252],[-118  -95 -363 1794 -857  -16   67  -75  120],fists,False
13,13:25:39.345316,[-1788   938  1939   586   -14   422  -541   587  2202],[  57  268 -204 1958 -704   10   67  -75  120],fists,False
14,13:25:39.353662,[-1766   878  1864   586   -14   422  -822   613  2113],[ 144  358  -49 1909 -661    6   67  -75  120],fists,False
15,13:25:39.362360,[-1417   849  1761   586   -14   422  -834   635  2135],[ 110  109   -8 1944 -709   88   67  -75  120],fists,False
16,13:25:39.371885,[-1212   830  1726   586   -14   422  -794   677  2028],[ 153 -207  -92 2009 -607  206  161  280  102],fists,False
17,13:25:39.380458,[-1136   871  1613   586   -14   422  -745   674  1920],[ 134 -328  -96 2098 -740  318  161  280  102],fists,False
18,13:25:39.389199,[-1121   908  1411   367    31   166  -681   701  1861],[  29 -212  -32 2271 -689  414  161  280  102],fists,False
19,13:25:39.396943,[-1114   869  1425   367    31   166  -576   744  1747],[ -99  -30   53 2371 -764  523  161  280  102],fists,False
20,13:25:39.406239,[-1020   865  1384   367    31   166  -574   809  1606],[-265  130   82 2378 -744  684  -68  226  -13],fists,False
21,13:25:39.414518,[-914  922 1205  367   31  166 -580  857 1564],[-544  262   78 2537 -768  452  -68  226  -13],fists,False
22,13:25:39.423329,[-886  880 1282  145  106 -125 -506  730 1749],[-796  340   53 2406 -835  279  -68  226  -13],fists,False
23,13:25:39.432656,[-875  798 1458  145  106 -125 -388  747 1790],[-850  371  -51 1938 -869  204  -68  226  -13],fists,False
24,13:25:39.442052,[-753  776 1853  145  106 -125  -33  858 2135],[-775  373 -197 2074 -712   75  -68  226  -13],fists,False
25,13:25:39.450140,[-594  589 2379  145  106 -125 -361  480 2340],[-646  640 -280 3704 -623  517 -246  -14 -101],fists,False
26,13:25:39.457973,[-947  658 2228  145  106 -125 -661  469 2072],[-399  691 -195 2391   50 -427 -246  -14 -101],fists,False
27,13:25:39.467348,[-1200   906  1756   -78    94   -97  -514   691  2342],[-221  480 -228 1627 -883 -232 -246  -14 -101],fists,False
28,13:25:39.477566,[-1220   871  1745   -78    94   -97  -580   655  2338],[-129  504 -182 1356 -709 -318 -246  -14 -101],fists,False
29,13:25:39.484540,[-1325   708  2060   -78    94   -97  -774   497  2064],[ 180  128 -265 1113 -601 -349  -80    9 -282],fists,False
30,13:25:39.494211,[-1379   761  2020   -78    94   -97  -809   630  1954],[ 346 -177 -232 1448 -616  -82  -80    9 -282],fists,False
31,13:25:39.504303,[-1457   848  1805  -236   271  -101  -699   664  1865],[ 260 -138  -99 1454 -558   77  -80    9 -282],fists,False
32,13:25:39.514246,[-1395   883  1450  -236   271  -101  -698   610  1747],[ 216 -107   -8 1743 -667   71  -80    9 -282],fists,False
33,13:25:39.524667,[-1304   893  1281  -236   271  -101  -739   660  1596],[ 195 -276  -15 1832 -738  307  -80    9 -282],fists,False
34,13:25:39.535641,[-1123   900  1218  -236   271  -101  -714   719  1592],[  57 -354   31 2188 -530  511   32  109 -423],fists,False
35,13:25:39.544613,[-1039   871  1286  -236   271  -101  -580   720  1607],[ -76 -342   81 2105 -742  323   32  109 -423],fists,False
36,13:25:39.554499,[-925  834 1303 -100  374 -191 -485  764 1647],[-192 -228  105 2239 -747  278   32  109 -423],fists,False
37,13:25:39.562861,[-860  727 1573 -100  374 -191 -315  677 1817],[-299 -104   94 2363 -698   72   32  109 -423],fists,False
38,13:25:39.577147,[-734  739 1628 -100  374 -191 -228  690 1903],[-287  -48  -49 2282 -409 -100   32  109 -423],fists,False
39,13:25:39.585375,[-659  785 1560 -100  374 -191 -305  723 1775],[-288   29 -153 2118 -643 -162 -177   45 -202],fists,False
40,13:25:39.593531,[-722  742 1528 -100  374 -191 -348  651 1755],[-357  105 -231 1833 -539 -140 -177   45 -202],fists,False
41,13:25:39.600810,[-848  725 1557   45  104 -124 -470  669 1780],[-408  117 -275 1747 -593 -122 -177   45 -202],fists,False
42,13:25:39.607541,[-1045   690  1730    45   104  -124  -540   546  1915],[-438  121 -327 1656 -730  318 -177   45 -202],fists,False
43,13:25:39.615996,[-1198   774  1687    45   104  -124  -788   514  1999],[-334   67 -280 1746 -541  469 -319   13   83],fists,False
44,13:25:39.623975,[-1310   849  1460    45   104  -124  -954   495  2002],[-157  -17 -135 1876 -666  333 -319   13   83],fists,False
45,13:25:39.631953,[-1383   904  1315   -35   -84   -52  -879   586  1831],[ -58 -135   -5 1968 -653  157 -319   13   83],fists,False
46,13:25:39.639930,[-1326   845  1378   -35   -84   -52  -646   609  1749],[ -45 -185   69 1841 -618   67 -319   13   83],fists,False
47,13:25:39.647907,[-1178   789  1485   -35   -84   -52  -512   652  1758],[-154 -168   30 1734 -591   95 -319   13   83],fists,False
48,13:25:39.654684,[-1035   722  1594   -35   -84   -52  -647   553  1773],[-239 -127   25 1829 -516  153 -258  142   65],fists,False
49,13:25:39.662422,[-1037   651  1663   -35   -84   -52  -706   476  1893],[-254 -131   63 1822 -624  220 -258  142   65],fists,False
50,13:25:39.669520,[-1133   629  1656  -109    14  -106  -665   452  2043],[-172 -195   75 1905 -679  268 -258  142   65],fists,False
51,13:25:39.678031,[-1223   660  1658  -109    14  -106  -665   460  1982],[ -91 -183   95 2018 -652  288 -258  142   65],fists,False
52,13:25:39.686709,[-1286   693  1697  -109    14  -106  -625   579  1911],[ -88 -153  113 2137 -632  186 -185  208    3],fists,False
53,13:25:39.695581,[-1259   744  1620  -109    14  -106  -530   581  1933],[-149 -130  119 2139 -689  138 -185  208    3],fists,False
54,13:25:39.705122,[-1117   770  1591  -149    44  -128  -502   628  1923],[-211  -83   73 2100 -684  109 -185  208    3],fists,False
55,13:25:39.714781,[-1033   743  1630  -149    44  -128  -517   626  1849],[-308  -46   61 2071 -693  120 -185  208    3],fists,False
56,13:25:39.722761,[-990  735 1646 -149   44 -128 -556  600 1905],[-420  -27   47 2065 -679  257 -185  208    3],fists,False
57,13:25:39.730738,[-1051   735  1652  -149    44  -128  -462   504  2144],[-400  -14   10 2055 -688  150  -74  145   71],fists,False
58,13:25:39.739716,[-1070   704  1756  -149    44  -128  -519   503  2233],[-302  -11    4 2072 -752  -61  -74  145   71],fists,False
59,13:25:39.747899,[-1117   697  1930  -199   -32   -65  -525   435  2407],[-142    5    9 2100 -740  -95  -74  145   71],fists,False
60,13:25:39.756524,[-1178   683  2079  -199   -32   -65  -519   420  2509],[  84   -7   15 2087 -757  -51  -74  145   71],fists,False
61,13:25:39.764855,[-1198   677  2122  -199   -32   -65  -499   451  2442],[ 274   38   21 2004 -888   52  -74  145   71],fists,False
62,13:25:39.774927,[-1255   627  2257  -199   -32   -65  -548   362  2672],[ 500  112   23 2165 -863  555    6   88   92],fists,False
63,13:25:39.781898,[-1307   631  2236  -199   -32   -65  -776   309  2749],[ 863  182  125 2213 -863  413    6   88   92],fists,False
64,13:25:39.791366,[-1329   758  1898  -175   -11   -18  -881   404  2314],[1180  146  309 2118 -827   74    6   88   92],fists,False
65,13:25:39.800309,[-1375   786  1794  -175   -11   -18  -711   472  2295],[1299   41  422 2102 -809  131    6   88   92],fists,False
66,13:25:39.809452,[-1352   742  1927  -175   -11   -18  -517   492  2451],[1463  -11  446 1993 -766   90  -39   20   -1],fists,False
67,13:25:39.817468,[-1205   760  1910  -175   -11   -18  -560   542  2228],[1634    9  499 2023 -809  107  -39   20   -1],fists,False
68,13:25:39.826486,[-1077   787  1837    -7    85    25  -534   565  2279],[1781   17  554 2098 -748  149  -39   20   -1],fists,False
69,13:25:39.834428,[-924  793 1782   -7   85   25 -487  695 2062],[1872  -53  598 2041 -786  -34  -39   20   -1],fists,False
70,13:25:39.843867,[-830  839 1675   -7   85   25 -376  826 1822],[1826  -99  563 1954 -800 -135  -39   20   -1],fists,False
71,13:25:39.852468,[-871  815 1788   -7   85   25 -184  857 1875],[1728 -118  449 1991 -757 -125 -130 -177 -104],fists,False
72,13:25:39.862015,[-968  706 2051   -7   85   25 -165  854 1976],[1726  -35  310 1948 -744 -163 -130 -177 -104],fists,False
73,13:25:39.869987,[-1068   763  1985   299   131   152  -326   916  1802],[1728   63  220 1964 -713 -115 -130 -177 -104],fists,False
74,13:25:39.878851,[-1110   844  1782   299   131   152  -439   924  1708],[1671  120  172 1919 -661  202 -130 -177 -104],fists,False
75,13:25:39.887602,[-1123   858  1588   299   131   152  -551   938  1579],[1557  156  160 2081 -790  152 -185 -437 -154],fists,False
76,13:25:39.897038,[-1189   908  1358   299   131   152  -615   976  1459],[1430  130  193 1869 -708  -33 -185 -437 -154],fists,False
77,13:25:39.907809,[-1190  1017  1154   299   131   152  -488   951  1683],[1320   86  156 1808 -622    7 -185 -437 -154],fists,False
78,13:25:39.916264,[-1135  1026  1107   560   121   254  -467   957  1761],[1366   80  102 1865 -637  -88 -185 -437 -154],fists,False
79,13:25:39.925222,[-1085  1019  1197   560   121   254  -530  1013  1531],[1349  127   99 2063 -758 -159 -185 -437 -154],fists,False
80,13:25:39.934007,[-1011   967  1298   560   121   254  -547  1071  1378],[1215  124  112 1917 -629  -43 -244 -568 -145],fists,False
81,13:25:39.942823,[-1019   958  1347   560   121   254  -520  1114  1418],[1067   94   65 2075 -615  -62 -244 -568 -145],fists,False
82,13:25:39.950758,[-1079   930  1367   684   137   228  -521  1006  1626],[ 970  117   21 2016 -542 -126 -244 -568 -145],fists,False
83,13:25:39.959193,[-1094   919  1361   684   137   228  -612   995  1698],[1070  150   15 2045 -354   83 -244 -568 -145],fists,False
84,13:25:39.967222,[-1129   952  1325   684   137   228  -704  1042  1585],[1082  181   62 1916 -703  -49 -244 -568 -145],fists,False
85,13:25:39.975231,[-1208   951  1317   684   137   228  -694  1029  1557],[1067  202  138 2029 -663 -251 -318 -544  -93],fists,False
86,13:25:39.983217,[-1240   971  1257   684   137   228  -630  1109  1463],[1043  148  182 1872 -521 -187 -318 -544  -93],fists,False
87,13:25:39.991937,[-1157  1033  1131   602   177   192  -559  1160  1342],[ 955   82  178 1811 -420 -114 -318 -544  -93],fists,False
88,13:25:40.000644,[-1173   905  1346   602   177   192  -526  1096  1508],[ 909   46  122 1802 -503  275 -318 -544  -93],fists,False
89,13:25:40.010098,[-1142   869  1450   602   177   192  -643  1156  1333],[ 905   55  141 1975 -501 -226 -352 -466  -49],fists,False
90,13:25:40.018463,[-958 1173 1015  602  177  192 -634 1353 1047],[ 596   15  183 1824 -586 -516 -352 -466  -49],fists,False
91,13:25:40.027159,[-938 1359  683  300  221  193 -568 1308 1331],[ 171  -12  165 1977 -638 -425 -352 -466  -49],fists,False
92,13:25:40.036149,[-978 1271  577  300  221  193 -508 1250 1527],[-112  -32  140 1820 -364 -559 -352 -466  -49],fists,False
93,13:25:40.044331,[-1015  1190   529   300   221   193  -528  1293  1521],[-208  -39  140 1966 -568 -559 -352 -466  -49],fists,False
94,13:25:40.053080,[-837 1372  283  300  221  193 -579 1482 1351],[ -532   -51   104  2175  -643 -1329  -407  -377   -27],fists,False
95,13:25:40.061875,[-835 1370 -112  300  221  193 -746 1327 1269],[-1148   -29   135  2293  -858 -2121  -407  -377   -27],fists,False
96,13:25:40.071833,[-1077   948   105  -259   270   159  -628  1295  1297],[-1585  -248   230  2379  -815 -1787  -407  -377   -27],fists,False
97,13:25:40.080012,[-1228   436   528  -259   270   159  -335  1234  1269],[-1778  -385   167  1979  -949 -1929  -407  -377   -27],fists,False
98,13:25:40.088379,[-1144   276   497  -259   270   159  -277  1268  1077],[-2211  -369    40  1909 -1323 -1474  -778  -192   -42],fists,False
99,13:25:40.097527,[-1367   161   241  -259   270   159  -484  1123  1118],[-2587  -493     1  2143 -1382  -857  -778  -192   -42],fists,False
100,13:25:40.110627,[-1504    27  -178  -259   270   159  -649  1216   981],[-3027  -462   193  2573 -1416  -674  -778  -192   -42],fists,False
101,13:25:40.120638,[-1310  -114 -1289 -1900   503  -124  -683  1296   185],[-3937  -827   316  2117 -1250  -681  -778  -192   -42],fists,False
102,13:25:40.129359,[-1415  -657 -1380 -1900   503  -124  -342  1470  -449],[-5223 -1022   354  1732 -1251   -47  -778  -192   -42],fists,False
103,13:25:40.138859,[-1026 -1304  -971 -1900   503  -124  -168  1214  -870],[-6748  -718   332  2144 -1730   341 -2099   320  -270],fists,False
104,13:25:40.146890,[ -829 -2468  -152 -1900   503  -124  -136   564 -1036],[-8358  -108   240  2090  -878   551 -2099   320  -270],fists,False
105,13:25:40.155718,[-1069 -2729  1429 -5155   837  -803  -609  -356  -798],[-9140   759   205  1997  -570   848 -2099   320  -270],fists,False
106,13:25:40.164649,[-1069 -2920  3182 -5155   837  -803  -753  -577    21],[-9614  1096   153  2088  -230   952 -2099   320  -270],fists,False
107,13:25:40.172881,[-1076 -2648  3906 -5155   837  -803  -927 -1241  1320],[-10110   1012    140   1820   -256    729  -4205    907   -801],fists,False
108,13:25:40.181452,[ -792 -2720  4189 -5155   837  -803  -861 -1715  2666],[-10715    994    178   1655    131    591  -4205    907   -801],fists,False
109,13:25:40.189415,[ -553 -2556  3400 -5155   837  -803  -685 -1911  3654],[-10170    581    130   1935   -561    233  -4205    907   -801],fists,False
110,13:25:40.198795,[ -531 -2240  2734 -8293   350 -1721  -412 -2071  3778],[-9238   626   219  2035  -208  -130 -4205   907  -801],fists,False
111,13:25:40.208808,[ -594 -1807  1979 -8293   350 -1721  -214 -2005  3763],[-8022   442   109  2138     8   222 -4205   907  -801],fists,False
112,13:25:40.215964,[ -741 -1521  1352 -8293   350 -1721  -411 -1724  3293],[-6466    24   -74  2182  -133   466 -5325   817 -1388],fists,False
113,13:25:40.224832,[ -736 -1266   464 -8293   350 -1721  -434 -1123  1896],[-5800   -26  -192  2181  -265   472 -5325   817 -1388],fists,False
114,13:25:40.232732,[ -856  -702  -483 -8325  -659 -2051  -763  -929   938],[-6754  -164  -209  1867  -167   594 -5325   817 -1388],fists,False
115,13:25:40.240119,[-1910  -921  -481 -8325  -659 -2051  -655  -763  1139],[-7460   151   313  1725  -129   853 -5325   817 -1388],fists,False
116,13:25:40.247912,[ -998  -986   154 -8325  -659 -2051   -96  -999  1672],[-6748   203   202  1828  -193   362 -5325   817 -1388],fists,False
117,13:25:40.255908,[ -983 -1629  1032 -8325  -659 -2051  -281 -1262  1941],[-5720  1677    47  1800   145   200 -4637   269 -1834],fists,False
118,13:25:40.264685,[ -622 -2922  1807 -8325  -659 -2051  -484 -1425  2148],[-4629  1905  -134  1401   139   581 -4637   269 -1834],fists,False
119,13:25:40.273661,[-1085 -2534  1985 -5844  -551 -1364  -759 -1664  2089],[-3832  1316  -301  1088   355   -62 -4637   269 -1834],fists,False
120,13:25:40.282639,[-1139 -2495  1441 -5844  -551 -1364  -770 -1850  1925],[-3381   446  -351  1515   412  -683 -4637   269 -1834],fists,False
121,13:25:40.291385,[-1163 -2150   996 -5844  -551 -1364  -704 -1887  1980],[-3044    88  -272  1552   452  -214 -3079    55 -2091],fists,False
122,13:25:40.299364,[-1020 -2300   269 -5844  -551 -1364    -2 -1905  1966],[-4459  1160   180  1347   530  -531 -3079    55 -2091],fists,False
123,13:25:40.308348,[ -624 -2205  -221 -5844  -551 -1364  -588 -1510  1125],[-4916  1170  -216  1810   493  -629 -3079    55 -2091],fists,False
124,13:25:40.318065,[ -785 -1897  -454 -4473   355  -775   108 -1920  1066],[-6030  2186   193  2237   539   -91 -3079    55 -2091],fists,False
125,13:25:40.327404,[ -601 -2085  -222 -4473   355  -775  -418 -2416  1383],[-6332  3390    89  1619   346     1 -3079    55 -2091],fists,False
126,13:25:40.338287,[-1328 -2348   299 -4473   355  -775 -1552 -2243  1113],[-5238  3085    72  1520    19   -12 -1602    97 -1768],fists,False
127,13:25:40.347055,[-1439 -2318   765 -4473   355  -775 -1148 -1814   913],[-3689  1977   -47  1942  -499   -60 -1602    97 -1768],fists,False
128,13:25:40.356940,[-1263 -2185   769 -4641   826  -653  -826 -1744   943],[-2774  1432    11  1817   -43  -241 -1602    97 -1768],fists,False
129,13:25:40.367724,[-1214 -2146   431 -4641   826  -653  -980 -1919   883],[-2119  1083    -9  1896   410  -310 -1602    97 -1768],fists,False
130,13:25:40.378714,[-1001 -2140   113 -4641   826  -653  -700 -1688   786],[-1730   516  -245  1770   168  -412 -1217  -145  -576],fists,False
131,13:25:40.386587,[-1023 -1943  -252 -4641   826  -653  -818 -1851   720],[-1844   469  -391  2036    74  -280 -1217  -145  -576],fists,False
132,13:25:40.394883,[ -947 -1815  -525 -4641   826  -653  -774 -1833   503],[-1748   348  -503  2013    68  -131 -1217  -145  -576],fists,False
133,13:25:40.404302,[ -948 -1522 -1154 -4810  1088  -187  -883 -1878   330],[-1963   548  -770  1776   110   -69 -1217  -145  -576],fists,False
134,13:25:40.413341,[-1381 -1798  -610 -4810  1088  -187 -1048 -2276   530],[-1805   299  -752  2320    25  -273 -1217  -145  -576],fists,False
135,13:25:40.421309,[-1316 -1952  -993 -4810  1088  -187  -889 -2292   645],[-1599    -5  -850  2272   -64  -535 -1330  -745   674],fists,False
136,13:25:40.430242,[-1254 -2194  -651 -4810  1088  -187  -893 -2503   652],[-1462    97  -586  2204    -5  -504 -1330  -745   674],fists,False
137,13:25:40.438221,[-1183 -1443  -249 -4326  1328   356  -623 -2619   516],[-1449  -209  -647  2142    -3  -736 -1330  -745   674],fists,False
138,13:25:40.446198,[-1146 -2046  -635 -4326  1328   356  -336 -2120   499],[ -901  -138  -541  2423   223  -741 -1330  -745   674],fists,False
139,13:25:40.454177,[ -768 -1884  -561 -4326  1328   356  -434 -1894   573],[-1113    -3  -293  2043   211  -746  -625 -1250  1036],fists,False
140,13:25:40.462156,[-1134 -2014  -279 -4326  1328   356  -543 -1951   455],[ -961    96  -271  1980  -233   -64  -625 -1250  1036],fists,False
141,13:25:40.470134,[ -702 -1159 -1147 -4326  1328   356  -692 -1971   357],[ -693   323  -264  1884    34  -407  -625 -1250  1036],fists,False
142,13:25:40.478112,[-1000 -1617  -431 -3472  1287   283  -881 -2081   227],[ -762   165  -299  1719   -34  -529  -625 -1250  1036],fists,False
143,13:25:40.486091,[ -803 -1424  -835 -3472  1287   283  -536 -1715   220],[ -740   -51  -407  1802   110  -451  -625 -1250  1036],fists,False
144,13:25:40.494070,[ -855 -1374  -806 -3472  1287   283  -666 -1610   305],[ -781   -31  -489  1818   -32  -476   202 -1467   700],fists,False
145,13:25:40.501052,[ -827 -1315  -872 -3472  1287   283  -552 -1636   266],[ -943   -84  -517  1903    14  -521   202 -1467   700],fists,False
146,13:25:40.511017,[ -927 -1320 -1148 -3472  1287   283  -745 -2041   215],[-1010    26  -442  2294   -97  -589   202 -1467   700],fists,False
147,13:25:40.518873,[-1309 -1595 -1126 -2645  1068    68  -884 -2397   248],[ -989   -54  -261  2499   -91  -771   202 -1467   700],fists,False
148,13:25:40.527939,[-1351 -1895 -1181 -2645  1068    68  -861 -2692   309],[ -852  -217   -88  2580  -111  -914   202 -1467   700],fists,False
149,13:25:40.536912,[-1251 -2016 -1240 -2645  1068    68  -609 -2752   375],[ -622  -328   109  2401    12 -1088   635 -1330   375],fists,False
150,13:25:40.545584,[ -994 -2050 -1202 -2645  1068    68  -459 -2514   409],[ -425  -340   231  2020    70 -1053   635 -1330   375],fists,False
151,13:25:40.553616,[ -821 -1919 -1075 -1628   752    79  -319 -2184   408],[ -297  -300   206  1814    12  -910   635 -1330   375],fists,False
152,13:25:40.562596,[ -602 -1613 -1124 -1628   752    79  -272 -1779   303],[ -299  -154   153  1605    -7  -727   635 -1330   375],fists,False
153,13:25:40.572371,[ -522 -1261 -1046 -1628   752    79  -332 -1553   228],[-420  100   47 1496  -19 -612  888 -849  325],fists,False
154,13:25:40.580273,[ -534 -1165  -962 -1628   752    79  -353 -1400   224],[-671  262  -36 1480  -65 -586  888 -849  325],fists,False
155,13:25:40.592397,[ -715 -1159  -904 -1628   752    79  -496 -1563   217],[-843  426 -150 1799  -14 -581  888 -849  325],fists,False
156,13:25:40.600173,[ -879 -1405  -942  -937   340    80  -643 -1865   207],[-856  212 -273 1949 -189 -686  888 -849  325],fists,False
157,13:25:40.607728,[-1081 -1504 -1090  -937   340    80  -875 -2136   120],[-740  106 -328 2095 -136 -656  888 -849  325],fists,False
158,13:25:40.616879,[-1205 -1596 -1167  -937   340    80  -873 -2319   146],[-576  -48 -297 2243 -138 -756  799 -447  295],fists,False
159,13:25:40.626278,[-1340 -1706 -1151  -937   340    80  -867 -2472   195],[-322 -231 -225 2298 -193 -908  799 -447  295],fists,False
160,13:25:40.634397,[-1113 -1685 -1202  -745    95    97  -588 -2203   216],[-227 -366  -83 1934  -26 -894  799 -447  295],fists,False
161,13:25:40.641858,[ -892 -1621 -1026  -745    95    97  -401 -2109   310],[-155 -370  -39 1811  -25 -990  799 -447  295],fists,False
162,13:25:40.650826,[ -669 -1563 -1129  -745    95    97  -267 -1912   290],[-149 -266  -16 1610  -40 -906  559 -328  276],fists,False
163,13:25:40.658913,[ -558 -1361 -1052  -745    95    97  -293 -1674   244],[-235 -129 -102 1518  -86 -776  559 -328  276],fists,False
164,13:25:40.667947,[ -605 -1291  -966  -745    95    97  -347 -1645   224],[-348  -43 -200 1571 -123 -755  559 -328  276],fists,False
165,13:25:40.677390,[ -718 -1323 -1010  -633    93    32  -479 -1781   204],[-427  -13 -279 1836 -103 -746  559 -328  276],fists,False
166,13:25:40.685368,[ -911 -1420 -1125  -633    93    32  -599 -2097   174],[-446   33 -270 2169  -87 -790  559 -328  276],fists,False
167,13:25:40.695294,[-1114 -1556 -1235  -633    93    32  -673 -2321   162],[-381    4 -147 2269 -111 -861  490 -258  270],fists,False
168,13:25:40.703319,[-1168 -1613 -1277  -633    93    32  -694 -2405   143],[-272  -26    5 2326 -140 -902  490 -258  270],fists,False
169,13:25:40.712342,[-1168 -1695 -1287  -633    93    32  -671 -2469   180],[-136  -69  160 2231 -157 -924  490 -258  270],fists,False
170,13:25:40.721326,[-1099 -1744 -1288  -483    59   -75  -599 -2425   195],[  18  -93  235 2137 -103 -933  490 -258  270],fists,False
171,13:25:40.730035,[ -978 -1703 -1239  -483    59   -75  -537 -2288   216],[ 149  -64  259 1987 -125 -888  421 -101  188],fists,False
172,13:25:40.738569,[ -906 -1627 -1223  -483    59   -75  -507 -2179   192],[ 265  -28  250 1913 -102 -875  421 -101  188],fists,False
173,13:25:40.747708,[ -800 -1520 -1225  -483    59   -75  -398 -2004   225],[ 273   65  214 1689 -150 -829  421 -101  188],fists,False
174,13:25:40.756348,[ -719 -1400 -1090  -307     3   -54  -396 -1759   201],[ 220  122  143 1581 -137 -744  421 -101  188],fists,False
175,13:25:40.765034,[ -673 -1303 -1013  -307     3   -54  -400 -1655   212],[  96  168   31 1563 -151 -727  421 -101  188],fists,False
176,13:25:40.775091,[ -667 -1291  -995  -307     3   -54  -397 -1665   182],[ -16  210  -75 1612 -179 -759  220   65   83],fists,False
177,13:25:40.783578,[ -757 -1314 -1088  -307     3   -54  -513 -1813   156],[-118  254 -146 1846 -158 -731  220   65   83],fists,False
178,13:25:40.791790,[ -954 -1419 -1079  -307     3   -54  -646 -2060   154],[-134  223 -155 2046 -179 -735  220   65   83],fists,False
179,13:25:40.799939,[-1048 -1481 -1218  -140   -22    24  -671 -2207   149],[-125  174  -78 2173 -166 -789  220   65   83],fists,False
180,13:25:40.808735,[-1077 -1498 -1237  -140   -22    24  -683 -2225   140],[ -88  120   59 2055  -78 -802  220   65   83],fists,False
181,13:25:40.818857,[-1070 -1530 -1227  -140   -22    24  -619 -2150   156],[ -36   71  141 2180 -308 -801   23  120   -5],fists,False
182,13:25:40.827015,[ -999 -1493 -1181  -140   -22    24  -609 -2121   169],[   2   78  196 1959 -196 -772   23  120   -5],fists,False
183,13:25:40.835007,[ -899 -1494 -1168   -17    27    37  -559 -2024   155],[  38   89  168 1878 -107 -755   23  120   -5],fists,False
184,13:25:40.843491,[ -848 -1450 -1190   -17    27    37  -531 -1948   143],[  52   99  137 1841 -160 -684   23  120   -5],fists,False
185,13:25:40.852670,[ -785 -1345 -1154   -17    27    37  -625 -1832   119],[  19  134   45 1874 -233 -610  -85   71   41],fists,False
186,13:25:40.861470,[ -839 -1274 -1087   -17    27    37  -578 -1702    78],[  -7  127  -96 1615  -92 -628  -85   71   41],fists,False
187,13:25:40.870017,[ -799 -1250 -1062   -17    27    37  -595 -1693    96],[-107  132 -200 1465 -184 -614  -85   71   41],fists,False
188,13:25:40.878051,[ -805 -1256 -1067     6   118     7  -607 -1810   117],[-164  124 -290 1884  -64 -604  -85   71   41],fists,False
189,13:25:40.886978,[ -979 -1331 -1148     6   118     7  -725 -1987    84],[-192   92 -322 2052  -84 -603  -85   71   41],fists,False
190,13:25:40.896067,[-1085 -1374 -1261     6   118     7  -814 -2170    33],[-185   39 -263 2289 -227 -619 -105   52  105],fists,False
191,13:25:40.905040,[-1245 -1478 -1299     6   118     7  -869 -2326    49],[-128  -55 -162 2207 -234 -691 -105   52  105],fists,False
192,13:25:40.913019,[-1172 -1571 -1302     6   118     7  -722 -2336   132],[ -48 -131  -23 2144 -171 -851 -105   52  105],fists,False
193,13:25:40.922639,[-1006 -1615 -1281    13   130   -19  -568 -2248   156],[  45 -178   47 2008 -424 -889 -105   52  105],fists,False
194,13:25:40.931287,[ -884 -1599 -1216    13   130   -19  -458 -2094   162],[ 117 -143   -7 1675 -718 -811  -59   17  123],fists,False
195,13:25:40.939972,[ -749 -1610 -1141    13   130   -19  -454 -2079   272],[ 187  -97  -56 2391 1442 -891  -59   17  123],fists,False
196,13:25:40.949237,[ -737 -1537 -1153    13   130   -19  -452 -1884    72],[ 232  -98 -137 1539  598 -798  -59   17  123],fists,False
197,13:25:40.957161,[ -649 -1432 -1145     8   135  -102  -496 -1750   167],[ 181  -29 -209 1434  399 -821  -59   17  123],fists,False
198,13:25:40.966198,[ -693 -1264 -1073     8   135  -102  -442 -1709   198],[   9   31 -239 1788 -178 -700  -59   17  123],fists,False
199,13:25:40.976347,[ -767 -1346 -1061     8   135  -102  -508 -1828   162],[ -58   52 -301 1870 -226 -781   20  -81  106],fists,False
200,13:25:40.985322,[ -852 -1448 -1057     8   135  -102  -532 -1946   192],[-101   40 -279 1759 -145 -784   20  -81  106],fists,False
201,13:25:40.994352,[ -852 -1385 -1117     8   135  -102  -495 -1911   168],[-135   45 -271 1797  -28 -791   20  -81  106],fists,False
202,13:25:41.002905,[ -929 -1332 -1220    15   111  -176  -600 -2141   116],[-184  129 -194 2208 -194 -752   20  -81  106],fists,False
203,13:25:41.010751,[-1185 -1545 -1324    15   111  -176  -870 -2410    18],[-127  105  -60 2221 -212 -726   49 -141   58],fists,False
204,13:25:41.021316,[-1175 -1608 -1325    15   111  -176  -755 -2381   108],[ -78  -39  101 2368   19 -785   49 -141   58],fists,False
205,13:25:41.029274,[-1018 -1559 -1287    15   111  -176  -601 -2169   110],[ -13 -104  169 1996 -264 -768   49 -141   58],fists,False
206,13:25:41.036696,[ -813 -1484 -1233    47   119  -194  -510 -1991    90],[   0 -103  171 1650 -290 -725   49 -141   58],fists,False
207,13:25:41.045427,[ -695 -1441 -1206    47   119  -194  -456 -1894   110],[ -12  -73  100 1656 -110 -776   49 -141   58],fists,False
208,13:25:41.054234,[ -646 -1410 -1138    47   119  -194  -367 -1859   163],[ -51  -36    3 1640 -486 -793   58 -118   77],fists,False
209,13:25:41.062891,[ -634 -1359 -1146    47   119  -194  -383 -1795   136],[-133   22  -90 1771 -225 -722   58 -118   77],fists,False
210,13:25:41.071830,[ -708 -1316 -1134    47   119  -194  -478 -1861   133],[-228   53 -124 1417  188 -814   58 -118   77],fists,False
211,13:25:41.079846,[ -752 -1396 -1158    -1   120  -146  -462 -1901   139],[-264   44 -165 1658 -113 -688   58 -118   77],fists,False
212,13:25:41.088786,[ -766 -1518 -1159    -1   120  -146  -558 -2062   105],[-205   78 -246 1771  -25 -792   58 -118   77],fists,False
213,13:25:41.098087,[ -856 -1646 -1225    -1   120  -146  -596 -2202    99],[ -64   44 -353 2039  -15 -892   91  -50   70],fists,False
214,13:25:41.106985,[ -950 -1631 -1316    -1   120  -146  -593 -2306    72],[  27   15 -393 2125  -28 -892   91  -50   70],fists,False
215,13:25:41.115721,[-1030 -1594 -1340    -1   120  -146  -700 -2362    62],[ 135   -6 -322 2483 -435 -763   91  -50   70],fists,False
216,13:25:41.123988,[-1045 -1535 -1315   -72    65   -80  -656 -2298    69],[ 200  -56 -193 2759 -218 -576   91  -50   70],fists,False
217,13:25:41.132695,[-1003 -1491 -1204   -72    65   -80  -588 -1981   126],[ 194 -126  -46 1279 -434 -775   83  -50   96],fists,False
218,13:25:41.142405,[ -824 -1362 -1207   -72    65   -80  -639 -1858    59],[ 167 -140 -111 2324 -425 -717   83  -50   96],fists,False
219,13:25:41.152681,[ -767 -1270 -1140   -72    65   -80  -542 -1822    83],[ -33 -102    7 1869  129 -625   83  -50   96],fists,False
220,13:25:41.160856,[ -686 -1141 -1140   -34   111  -124  -437 -1686    75],[-237 -107   46 1645 -107 -644   83  -50   96],fists,False
221,13:25:41.171330,[ -712 -1166 -1063   -34   111  -124  -476 -1641   133],[-389  -81   47 1588 -277 -688   83  -50   96],fists,False
222,13:25:41.182516,[ -626 -1305  -990   -34   111  -124  -339 -1758   196],[-455  -68  -12 1598 -135 -819   27 -126  153],fists,False
223,13:25:41.191049,[ -605 -1492 -1034   -34   111  -124  -271 -1982   224],[-444  -23  -67 1784 -336 -932   27 -126  153],fists,False
224,13:25:41.199068,[ -628 -1668 -1118   -34   111  -124  -336 -2221   199],[-368   62  -70 1781  -99 -999   27 -126  153],fists,False
225,13:25:41.209060,[ -739 -1808 -1207    36   127  -172  -493 -2377   221],[-235   92  -72 1997 -178 -998   27 -126  153],fists,False
226,13:25:41.218680,[ -846 -1830 -1226    36   127  -172  -512 -2361   175],[ -61   57 -100 2075 -247 -949   54 -103  121],fists,False
227,13:25:41.229124,[ -952 -1689 -1260    36   127  -172  -569 -2275   152],[  52   16  -16 2258 -183 -945   54 -103  121],fists,False
228,13:25:41.237020,[ -947 -1542 -1284    36   127  -172  -625 -2196    88],[ 125   -2   84 1852 -144 -846   54 -103  121],fists,False
229,13:25:41.243851,[ -807 -1488 -1210   -49    74  -128  -550 -2024   101],[ 171  -55   52 1919   77 -757   54 -103  121],fists,False
230,13:25:41.251697,[ -763 -1391 -1228   -49    74  -128  -544 -1992    60],[ 117  -32   26 2308  199 -675   54 -103  121],fists,False
231,13:25:41.259294,[ -735 -1344 -1203   -49    74  -128  -544 -1834   -56],[  87  -60 -104 1741 -124 -633  139   17  109],fists,False
232,13:25:41.266649,[ -828 -1314 -1283   -49    74  -128  -577 -1957    32],[   3  -54 -175 1849 -192 -660  139   17  109],fists,False
233,13:25:41.273965,[ -936 -1418 -1324   -49    74  -128  -606 -2010     6],[ -52  -96 -117 1967 -497 -706  139   17  109],fists,False
234,13:25:41.282303,[ -864 -1460 -1246   -97    61   -79  -522 -2132    51],[ -79  -60  -79 1945 -425 -779  139   17  109],fists,False
235,13:25:41.291054,[ -841 -1550 -1221   -97    61   -79  -490 -2205    64],[ -36  -52  -45 1936 -266 -854  134   50   76],fists,False
236,13:25:41.299908,[ -863 -1639 -1301   -97    61   -79  -611 -2356    80],[  28  -38  -56 2142 -328 -828  134   50   76],fists,False
237,13:25:41.308579,[ -933 -1656 -1288   -97    61   -79  -544 -2285   116],[ 129  -99  -39 1873   59 -958  134   50   76],fists,False
238,13:25:41.316855,[ -844 -1629 -1287   -97    61   -79  -453 -2114   135],[ 109 -127   15 1722 -418 -819  134   50   76],fists,False
239,13:25:41.325731,[ -727 -1474 -1202    13    18   -61  -323 -1950   156],[  95  -92   45 1955 -431 -777  134   50   76],fists,False
240,13:25:41.334096,[ -702 -1402 -1122    13    18   -61  -462 -1906   109],[ -14  -71   69 1872 -512 -766   70  -29    5],fists,False
241,13:25:41.345716,[ -722 -1388 -1147    13    18   -61  -473 -1931   124],[ -65  -36   75 1696 -439 -807   70  -29    5],fists,False
242,13:25:41.354098,[ -767 -1466 -1160    13    18   -61  -470 -1971   131],[-104  -81   69 1923 -449 -831   70  -29    5],fists,False
243,13:25:41.363981,[ -731 -1472 -1184    60   -61   -56  -505 -2015   156],[  -44   -32    26  2139    76 -1075    70   -29     5],fists,False
244,13:25:41.371256,[ -970 -1392 -1265    60   -61   -56  -858 -2358     4],[  41   39  341 7698 9950  508   70  -29    5],fists,False
245,13:25:41.378750,[-1203 -1690 -1062    60   -61   -56  -266 -1881   315],[ -272   -49    86  2774 -1290 -1125   -48  -144   -52],fists,False
246,13:25:41.387886,[ -848 -1385 -1702    60   -61   -56  -332 -2491    12],[  247   109  -106  2521  -114 -1214   -48  -144   -52],fists,False
247,13:25:41.396930,[-1116 -2000 -1233    60   -61   -56  -674 -2571   247],[  274   -33   -93  1701  -775 -1054   -48  -144   -52],fists,False
248,13:25:41.405392,[ -753 -1727 -1308    53  -122   -25  -377 -2401   157],[  461   -87  -145  2635   -38 -1127   -48  -144   -52],fists,False
249,13:25:41.415997,[ -891 -1530 -1289    53  -122   -25  -429 -2227   164],[ 371   32  198 1911 -544 -878 -133 -163 -105],fists,False
250,13:25:41.426593,[ -757 -1395 -1128    53  -122   -25  -447 -1814    61],[ 308  -13  285 1802 -167 -704 -133 -163 -105],fists,False
